jailbreak,score,refusal,non-refusal
none,0.8177710843373494,0.1606425702811245,0.8393574297188755
