jailbreak,score,refusal,non-refusal
none,0.6912650602409639,0.2248995983935743,0.7751004016064257
