jailbreak,score,refusal,non-refusal
none,0.8780120481927711,0.10843373493975904,0.891566265060241
