jailbreak,score,refusal,non-refusal
none,0.3107429718875502,0.6706827309236948,0.3293172690763052
