jailbreak,score,refusal,non-refusal
none,0.844758064516129,0.14056224899598393,0.8594377510040161
