jailbreak,score,refusal,non-refusal
none,0.8067269076305221,0.1646586345381526,0.8353413654618473
