jailbreak,score,refusal,non-refusal
none,0.5622489959839357,0.39759036144578314,0.6024096385542168
