jailbreak,score,refusal,non-refusal
none,0.6244959677419355,0.3534136546184739,0.6465863453815262
