jailbreak,score,refusal,non-refusal
none,0.9122983870967742,0.07630522088353414,0.9236947791164658
