jailbreak,score,refusal,non-refusal
none,0.006430868167202572,0.9935691318327974,0.006430868167202619
pair,0.6497603833865815,0.22364217252396165,0.7763578274760383
pap_misrepresentation,0.22563897763578275,0.7092651757188498,0.29073482428115016
