jailbreak,score,refusal,non-refusal
none,0.003194888178913738,0.9936102236421726,0.006389776357827448
pair,0.00039936102236421724,0.9936102236421726,0.006389776357827448
pap_misrepresentation,0.020032051282051284,0.9712460063897763,0.028753993610223683
