jailbreak,score,refusal,non-refusal
none,0.015575079872204472,0.9776357827476039,0.022364217252396124
pair,0.5455271565495208,0.28115015974440893,0.7188498402555911
pap_misrepresentation,0.42012779552715657,0.48562300319488816,0.5143769968051118
