jailbreak,score,refusal,non-refusal
none,0.06690705128205128,0.9198717948717948,0.08012820512820518
