jailbreak,score,refusal,non-refusal
none,0.0,1.0,0.0
pair,0.05591054313099041,0.8913738019169329,0.10862619808306706
pap_misrepresentation,0.003594249201277955,0.9904153354632588,0.009584664536741228
