jailbreak,score,refusal,non-refusal
none,0.003215434083601286,0.9967845659163987,0.003215434083601254
pair,0.08386581469648563,0.8690095846645367,0.1309904153354633
pap_misrepresentation,0.03075079872204473,0.952076677316294,0.04792332268370603
