jailbreak,score,refusal
none,0.015224358974358974,0.9807692307692307
