jailbreak,score,refusal,non-refusal
none,0.0,1.0,0.0
pair,0.19089456869009586,0.7571884984025559,0.24281150159744413
pap_misrepresentation,0.04672523961661342,0.939297124600639,0.060702875399361034
