jailbreak,score,refusal,non-refusal
none,0.024361022364217253,0.9712460063897763,0.028753993610223683
pair,0.5188906752411575,0.31309904153354634,0.6869009584664536
pap_misrepresentation,0.27884615384615385,0.6217948717948718,0.3782051282051282
