jailbreak,score,refusal,non-refusal
none,0.009584664536741214,0.9904153354632588,0.009584664536741228
pair,0.23918269230769232,0.7188498402555911,0.28115015974440893
pap_misrepresentation,0.10063897763578275,0.8881789137380192,0.11182108626198084
