jailbreak,score,refusal,non-refusal
none,0.00522508038585209,0.9935897435897436,0.0064102564102563875
pair,0.5184294871794872,0.31629392971246006,0.6837060702875399
pap_misrepresentation,0.3909744408945687,0.5239616613418531,0.47603833865814693
