jailbreak,score,refusal,non-refusal
none,0.08266773162939298,0.9073482428115016,0.09265175718849838
pair,0.6858974358974359,0.17307692307692307,0.8269230769230769
pap_misrepresentation,0.41573482428115016,0.5047923322683706,0.4952076677316294
