jailbreak,score,refusal,non-refusal
none,0.0023961661341853034,0.9968051118210862,0.0031948881789137795
pair,0.6542467948717948,0.21725239616613418,0.7827476038338659
pap_misrepresentation,0.23961661341853036,0.7188498402555911,0.28115015974440893
