jailbreak,score,refusal,non-refusal
none,0.0027955271565495207,0.9968051118210862,0.0031948881789137795
pair,0.003205128205128205,0.9935897435897436,0.0064102564102563875
pap_misrepresentation,0.03456591639871383,0.9519230769230769,0.04807692307692313
