jailbreak,score,refusal,non-refusal
none,0.0028044871794871795,0.9967948717948718,0.0032051282051281937
pair,0.21485623003194887,0.7412140575079872,0.2587859424920128
pap_misrepresentation,0.08453525641025642,0.907051282051282,0.09294871794871795
