jailbreak,score,refusal,non-refusal
none,0.003194888178913738,0.9968051118210862,0.0031948881789137795
pair,0.48482428115015974,0.3865814696485623,0.6134185303514377
pap_misrepresentation,0.2723642172523962,0.670926517571885,0.32907348242811496
