jailbreak,score,refusal,non-refusal
none,0.005591054313099041,0.9936102236421726,0.006389776357827448
pair,0.3793929712460064,0.5718849840255591,0.4281150159744409
pap_misrepresentation,0.1638621794871795,0.8146964856230032,0.18530351437699677
