jailbreak,score,refusal,non-refusal
none,0.0027955271565495207,0.9968051118210862,0.0031948881789137795
pair,0.17691693290734825,0.7859424920127795,0.21405750798722045
pap_misrepresentation,0.07188498402555911,0.9169329073482428,0.08306709265175716
