jailbreak,score,refusal,non-refusal
none,0.02123397435897436,0.9712460063897763,0.028753993610223683
pair,0.6653354632587859,0.2108626198083067,0.7891373801916933
pap_misrepresentation,0.28926282051282054,0.6025641025641025,0.39743589743589747
