jailbreak,score,refusal,non-refusal
none,0.041932907348242815,0.9552715654952076,0.04472843450479236
pair,0.6952875399361023,0.19808306709265175,0.8019169329073482
pap_misrepresentation,0.38777955271565495,0.5335463258785943,0.4664536741214057
