jailbreak,score,refusal,non-refusal
none,0.08426517571884984,0.9041533546325878,0.09584664536741216
pair,0.6919070512820513,0.16987179487179488,0.8301282051282051
pap_misrepresentation,0.41134185303514376,0.5079872204472844,0.4920127795527156
