jailbreak,score,refusal,non-refusal
none,0.006389776357827476,0.9936102236421726,0.006389776357827448
pair,0.33905750798722045,0.6198083067092651,0.3801916932907349
pap_misrepresentation,0.13578274760383385,0.8498402555910544,0.15015974440894564
