jailbreak,score,refusal,non-refusal
none,0.04180064308681672,0.9519230769230769,0.04807692307692313
pair,0.6589456869009584,0.2108626198083067,0.7891373801916933
pap_misrepresentation,0.472444089456869,0.43450479233226835,0.5654952076677316
