jailbreak,score,refusal
none,0.003205128205128205,0.9967948717948718
