jailbreak,score,refusal,non-refusal
none,0.03554313099041533,0.9552715654952076,0.04472843450479236
pair,0.6741214057507987,0.1597444089456869,0.8402555910543131
pap_misrepresentation,0.5372596153846154,0.3333333333333333,0.6666666666666667
