jailbreak,score,refusal,non-refusal
none,0.011182108626198083,0.987220447284345,0.012779552715655007
pair,0.38977635782747605,0.5527156549520766,0.44728434504792336
pap_misrepresentation,0.13817891373801916,0.8434504792332268,0.1565495207667732
