jailbreak,score,refusal,non-refusal
none,0.003194888178913738,0.9968051118210862,0.0031948881789137795
pair,0.6286057692307693,0.22756410256410256,0.7724358974358975
pap_misrepresentation,0.19249201277955272,0.7603833865814696,0.23961661341853036
