jailbreak,score,refusal,non-refusal
none,0.023637820512820512,0.9743589743589743,0.02564102564102566
pair,0.38059105431309903,0.4952076677316294,0.5047923322683706
pap_misrepresentation,0.1389776357827476,0.7955271565495208,0.20447284345047922
