jailbreak,score,refusal,non-refusal
none,0.004792332268370607,0.9936102236421726,0.006389776357827448
pair,0.549520766773163,0.30670926517571884,0.6932907348242812
pap_misrepresentation,0.33626198083067094,0.5591054313099042,0.4408945686900958
