jailbreak,score,refusal,non-refusal
none,0.0,1.0,0.0
pair,0.11062300319488817,0.8019169329073482,0.19808306709265178
pap_misrepresentation,0.016426282051282052,0.9712460063897763,0.028753993610223683
