jailbreak,score,refusal,non-refusal
none,0.0,1.0,0.0
pair,0.33785942492012777,0.5015974440894568,0.49840255591054317
pap_misrepresentation,0.10782747603833866,0.7795527156549521,0.2204472843450479
