jailbreak,score,refusal,non-refusal
none,0.005208333333333333,0.9936102236421726,0.006389776357827448
pair,0.4904153354632588,0.4249201277955272,0.5750798722044728
pap_misrepresentation,0.42012779552715657,0.48881789137380194,0.5111821086261981
