jailbreak,score,refusal,non-refusal
none,0.03873801916932907,0.952076677316294,0.04792332268370603
pair,0.2687699680511182,0.5718849840255591,0.4281150159744409
pap_misrepresentation,0.17052715654952078,0.7507987220447284,0.24920127795527158
