jailbreak,score,refusal
none,0.0023961661341853034,0.9968051118210862
