jailbreak,score,refusal,non-refusal
none,0.022763578274760384,0.9744408945686901,0.025559105431309903
pair,0.6273961661341853,0.2108626198083067,0.7891373801916933
pap_misrepresentation,0.4329073482428115,0.4504792332268371,0.549520766773163
