jailbreak,score,refusal,non-refusal
none,0.006389776357827476,0.9936102236421726,0.006389776357827448
pair,0.2943290734824281,0.6389776357827476,0.3610223642172524
pap_misrepresentation,0.08586261980830671,0.8881789137380192,0.11182108626198084
