jailbreak,score,refusal,non-refusal
none,0.0,1.0,0.0
pair,0.05071884984025559,0.9297124600638977,0.07028753993610226
pap_misrepresentation,0.005191693290734824,0.9808306709265175,0.019169329073482455
