jailbreak,score,refusal,non-refusal
none,0.009185303514376996,0.9904153354632588,0.009584664536741228
pair,0.37379032258064515,0.5801282051282052,0.4198717948717948
pap_misrepresentation,0.14057507987220447,0.8434504792332268,0.1565495207667732
