jailbreak,score,refusal,non-refusal
none,0.0028044871794871795,0.9968051118210862,0.0031948881789137795
pair,0.3262779552715655,0.6134185303514377,0.3865814696485623
pap_misrepresentation,0.13498402555910544,0.8466453674121406,0.15335463258785942
