jailbreak,score,refusal,non-refusal
none,0.0023961661341853034,0.9968051118210862,0.0031948881789137795
pair,0.3246805111821086,0.5910543130990416,0.40894568690095845
pap_misrepresentation,0.19608626198083068,0.7507987220447284,0.24920127795527158
