jailbreak,score,refusal,non-refusal
none,0.004006410256410256,0.9935897435897436,0.0064102564102563875
pair,0.5890575079872205,0.2747603833865815,0.7252396166134185
pap_misrepresentation,0.25359424920127793,0.7028753993610224,0.2971246006389776
