jailbreak,score,refusal,non-refusal
none,0.0,1.0,0.0
pair,0.43130990415335463,0.48562300319488816,0.5143769968051118
pap_misrepresentation,0.04952076677316294,0.939297124600639,0.060702875399361034
