jailbreak,score,refusal,non-refusal
none,0.015575079872204472,0.9808306709265175,0.019169329073482455
pair,0.328525641025641,0.5801282051282052,0.4198717948717948
pap_misrepresentation,0.0878594249201278,0.8881789137380192,0.11182108626198084
