jailbreak,score,refusal,non-refusal
none,0.06988817891373802,0.9233226837060703,0.07667731629392971
pair,0.6635852090032154,0.19935691318327975,0.8006430868167203
pap_misrepresentation,0.33865814696485624,0.597444089456869,0.402555910543131
