jailbreak,score,refusal,non-refusal
none,0.00439297124600639,0.9936102236421726,0.006389776357827448
pair,0.41185897435897434,0.4423076923076923,0.5576923076923077
pap_misrepresentation,0.1944888178913738,0.7412140575079872,0.2587859424920128
