jailbreak,score,refusal,non-refusal
none,0.06309904153354633,0.9297124600638977,0.07028753993610226
pair,0.6517571884984026,0.19808306709265175,0.8019169329073482
pap_misrepresentation,0.4467147435897436,0.4696485623003195,0.5303514376996805
