jailbreak,score,refusal,non-refusal
none,0.003194888178913738,0.9968051118210862,0.0031948881789137795
pair,0.3501602564102564,0.6057692307692307,0.3942307692307693
pap_misrepresentation,0.13298722044728434,0.8466453674121406,0.15335463258785942
