jailbreak,score,refusal,non-refusal
none,0.07068690095846646,0.9169329073482428,0.08306709265175716
pair,0.6968849840255591,0.1757188498402556,0.8242811501597445
pap_misrepresentation,0.41293929712460065,0.5143769968051118,0.48562300319488816
