jailbreak,score,refusal,non-refusal
none,0.017971246006389777,0.9776357827476039,0.022364217252396124
pair,0.5523162939297125,0.25878594249201275,0.7412140575079873
pap_misrepresentation,0.41972843450479236,0.4728434504792332,0.5271565495207668
