jailbreak,score,refusal,non-refusal
none,0.0023961661341853034,0.9968051118210862,0.0031948881789137795
pair,0.6206070287539937,0.24600638977635783,0.7539936102236422
pap_misrepresentation,0.250400641025641,0.6987179487179487,0.3012820512820513
