jailbreak,score,refusal,non-refusal
none,0.01437699680511182,0.9808306709265175,0.019169329073482455
pair,0.5407348242811502,0.3003194888178914,0.6996805111821086
pap_misrepresentation,0.3953674121405751,0.5079872204472844,0.4920127795527156
