jailbreak,score,refusal,non-refusal
none,0.006389776357827476,0.9936102236421726,0.006389776357827448
pair,0.30950479233226835,0.6421725239616614,0.35782747603833864
pap_misrepresentation,0.1849041533546326,0.7859424920127795,0.21405750798722045
