jailbreak,score,refusal,non-refusal
none,0.005591054313099041,0.9936102236421726,0.006389776357827448
pair,0.33666134185303515,0.6198083067092651,0.3801916932907349
pap_misrepresentation,0.11741214057507987,0.865814696485623,0.13418530351437696
