jailbreak,score,refusal,non-refusal
none,0.006389776357827476,0.9936102236421726,0.006389776357827448
pair,0.3278753993610224,0.6325878594249201,0.36741214057507987
pap_misrepresentation,0.11861022364217252,0.865814696485623,0.13418530351437696
