jailbreak,score,refusal
pair,0.1944888178913738,0.7571884984025559
