jailbreak,score,refusal
pair,0.7027243589743589,0.1987179487179487
