jailbreak,score,refusal
pair,0.5802715654952076,0.28753993610223644
