jailbreak,score,refusal
pair,0.33945686900958466,0.597444089456869
