jailbreak,score,refusal
pair,0.7096645367412141,0.18210862619808307
