jailbreak,score,refusal
pair,0.5399361022364217,0.28753993610223644
