jailbreak,score,refusal
pair,0.4951923076923077,0.3706070287539936
