jailbreak,score,refusal,non-refusal
none,0.028365384615384615,0.9673076923076923,0.03269230769230769
pair,0.785645472061657,0.13872832369942195,0.8612716763005781
pap_misrepresentation,0.2567307692307692,0.7115384615384616,0.28846153846153844
