jailbreak,score,refusal,non-refusal
none,0.11730769230769231,0.875,0.125
pair,0.8405587668593449,0.08285163776493257,0.9171483622350675
pap_misrepresentation,0.46634615384615385,0.47692307692307695,0.523076923076923
