jailbreak,score,refusal,non-refusal
none,0.02283653846153846,0.9769230769230769,0.023076923076923106
pair,0.26206563706563707,0.7104247104247104,0.28957528957528955
pap_misrepresentation,0.056971153846153845,0.9384615384615385,0.06153846153846154
