jailbreak,score,refusal,non-refusal
none,0.08791666666666667,0.89,0.10999999999999999
pair,0.6620833333333334,0.21,0.79
pap_misrepresentation,0.26166666666666666,0.6866666666666666,0.31333333333333335
