jailbreak,score,refusal,non-refusal
none,0.06958333333333333,0.9266666666666666,0.07333333333333336
pair,0.16149328859060402,0.81,0.18999999999999995
pap_misrepresentation,0.07916666666666666,0.9133333333333333,0.08666666666666667
